image_name,creator,url
cat_0.jpg,donovan_terry,https://farm66.staticflickr.com/65535/53119452116_9cdccee1b9.jpg
cat_1.jpg,donovan_terry,https://farm66.staticflickr.com/65535/53111723076_d638aca7b4.jpg
cat_2.jpg,donovan_terry,https://farm66.staticflickr.com/65535/53112014773_c1f04a4f9c.jpg
cat_3.jpg,donovan_terry,https://farm66.staticflickr.com/65535/53109453762_50febc748a.jpg
cat_4.jpg,donovan_terry,https://farm66.staticflickr.com/65535/53107882871_80bfb55f2c.jpg
cat_5.jpg,sjrankin,https://farm66.staticflickr.com/65535/53105298177_1994a3b054.jpg
cat_6.jpg,Thomas Hawk,https://farm66.staticflickr.com/65535/53105908868_4df9ff8fbe.jpg
cat_7.jpg,Felip1,https://farm66.staticflickr.com/65535/53104621277_29aa7b71e4.jpg
cat_8.jpg,donovan_terry,https://farm66.staticflickr.com/65535/53103384471_75bd2e0a6c.jpg
cat_9.jpg,davidseibold,https://farm66.staticflickr.com/65535/53099248003_11283f9c10.jpg
cat_10.jpg,sjrankin,https://farm66.staticflickr.com/65535/53098471776_cdb816cfc5.jpg
cat_11.jpg,sjrankin,https://farm66.staticflickr.com/65535/53098870965_5a1b59eb20.jpg
cat_0.jpg,donovan_terry,https://farm66.staticflickr.com/65535/53122196353_e9cd4b633d.jpg
cat_1.jpg,donovan_terry,https://farm66.staticflickr.com/65535/53119941063_9b6c304f0c.jpg
cat_7.jpg,sjrankin,https://farm66.staticflickr.com/65535/53105866366_073afcefc1.jpg
cat_1.jpg,G Bayliss,https://farm66.staticflickr.com/65535/53121100970_b41c41d3d5.jpg
cat_0.jpg,starmist1,https://farm66.staticflickr.com/65535/53123395564_c3a5ed5887.jpg
cat_0.jpg,donovan_terry,https://farm66.staticflickr.com/65535/53124411399_780a73cd19.jpg
